{"cameraMode":{"drawMode":0,"name":"Shaded","section":"Shading Mode"},"sceneLighting":true,"audioPlay":false,"sceneViewState":{"showFog":true,"showMaterialUpdate":true,"showSkybox":false,"showFlares":true,"showImageEffects":true,"showParticleSystems":true},"in2DMode":false,"pivot":{"x":2.7189998626708986,"y":0.3944000005722046,"z":-0.41475003957748415},"rotation":{"x":0.010230897925794125,"y":0.9896789193153381,"z":-0.10761313885450363,"w":0.09410448372364044},"size":3.239208459854126,"orthographic":false}